,Text,Intent,intent
565,How does one go about applying for a comp off?,leave_comp,0
575,Could you guide me on how to apply for a comp off?,leave_comp,0
574,What is the proper protocol for obtaining a comp off?,leave_comp,0
573,Can you explain the steps involved in receiving a comp off?,leave_comp,0
571,I would appreciate it if you could explain the procedure for availing a comp off.,leave_comp,0
570,Can you outline the steps I need to follow to request a comp off?,leave_comp,0
569,Could you provide a detailed explanation of the process for getting a comp off?,leave_comp,0
568,What is the correct way to apply for a comp off?,leave_comp,0
567,I need assistance in understanding how to obtain a comp off. Can you help me with that?,leave_comp,0
566,Can you walk me through the steps of receiving a comp off?,leave_comp,0
564,What are the necessary steps to take in order to request a comp off?,leave_comp,0
576,Can you provide a step-by-step guide on how to get a comp off?,leave_comp,0
563,Can you clarify the process of availing a comp off?,leave_comp,0
561,Could you enlighten me on the procedure for obtaining a comp off?,leave_comp,0
560,What is the proper way to apply for a comp off?,leave_comp,0
559,Can you outline the steps required to receive a comp off?,leave_comp,0
558,Is there a specific way to request a comp off?,leave_comp,0
557,I would like to know the protocol for availing a comp off. Can you assist me?,leave_comp,0
556,How can I go about getting a comp off?,leave_comp,0
555,Can you provide me with the steps to apply for a comp off?,leave_comp,0
554,I'm curious about the process of obtaining a comp off. Can you explain it to me?,leave_comp,0
552,What is the procedure for taking a comp off?,leave_comp,0
553,Could you please guide me on how to request a comp off?,leave_comp,0
562,I'm interested in learning more about how to receive a comp off. Can you provide some guidance?,leave_comp,0
577,I'm unsure about the process of availing a comp off. Can you shed some light on it?,leave_comp,0
572,How can I formally apply for a comp off?,leave_comp,0
579,How does one formally apply for a comp off?,leave_comp,0
601,I would like to know the appropriate protocol for obtaining a comp off. Can you provide guidance on that?,leave_comp,0
600,Can you explain the process of receiving a comp off in detail?,leave_comp,0
599,How does one officially apply for a comp off?,leave_comp,0
598,What are the necessary steps I need to follow in order to request a comp off?,leave_comp,0
597,I'm unsure about the process of obtaining a comp off. Can you clarify it for me?,leave_comp,0
596,Could you provide a step-by-step guide on how to receive a comp off?,leave_comp,0
595,What is the formal way to apply for a comp off?,leave_comp,0
578,What are the necessary actions I need to take in order to request a comp off?,leave_comp,0
593,Can you walk me through the steps required to obtain a comp off?,leave_comp,0
592,How can I go about applying for a comp off?,leave_comp,0
591,Can you guide me on how to request a comp off properly?,leave_comp,0
590,Could you provide a clear explanation of the process for receiving a comp off?,leave_comp,0
594,I would appreciate it if you could explain the proper procedure for availing a comp off.,leave_comp,0
580,Can you walk me through the process of receiving a comp off?,leave_comp,0
588,I need assistance in knowing how to get a comp off. Can you help me with that?,leave_comp,0
587,Can you explain the step-by-step process of obtaining a comp off?,leave_comp,0
586,What is the recommended process for applying for a comp off?,leave_comp,0
585,I'm interested in understanding how to receive a comp off. Can you give me some guidance?,leave_comp,0
584,Can you outline the necessary steps to follow when requesting a comp off?,leave_comp,0
583,Could you please provide a detailed explanation of the steps involved in getting a comp off?,leave_comp,0
582,What is the appropriate way to apply for a comp off?,leave_comp,0
581,I would like to know the correct procedure for obtaining a comp off. Can you assist me with that?,leave_comp,0
589,What are the correct actions to take when applying for a comp off?,leave_comp,0
85,Can I request an updated leave balance reflecting the earned leaves?,leave_date,1
84,How do I check my leave balance to see if the earned leaves have been credited?,leave_date,1
83,When can I expect my earned leaves to be available for use?,leave_date,1
82,What is the process for the crediting of earned leaves to my account?,leave_date,1
77,When can I use the earned leaves that have been credited to my leave balance?,leave_date,1
80,How long does it take for the earned leaves to reflect in my leave balance?,leave_date,1
79,Is there a deadline for the crediting of earned leaves to my leave balance?,leave_date,1
78,Can I transfer my earned leaves to the next year if they are not credited in time?,leave_date,1
86,Is there a lag time between earning leaves and their crediting to my account?,leave_date,1
81,At what point do the earned leaves become available for use?,leave_date,1
87,When will my leave balance show the earned leaves that have been credited?,leave_date,1
63,How soon after earning leaves will they be credited to my account?,leave_date,1
89,Is there a specific time of the day when the earned leaves are credited to my leave balance?,leave_date,1
90,How often are the earned leaves credited to my leave balance?,leave_date,1
91,Can I request an early credit of earned leaves to my account?,leave_date,1
92,When can I start planning my leave after earning the leaves?,leave_date,1
93,On what date are the earned leaves usually credited to my account?,leave_date,1
94,How many earned leaves can I accrue in a year?,leave_date,1
95,Can I request a confirmation of earned leaves credited to my leave balance?,leave_date,1
96,Is there a delay in the crediting of earned leaves to my account?,leave_date,1
97,How do I know when my earned leaves have been credited to my leave balance?,leave_date,1
98,When can I expect my earned leaves to be added to my leave balance?,leave_date,1
76,What is the time frame for the crediting of earned leaves to my account?,leave_date,1
88,How do I know if my earned leaves have been credited to my account?,leave_date,1
75,When do I start accruing earned leaves for the current year?,leave_date,1
56,Is there a fixed date when the earned leaves are credited to my account?,leave_date,1
73,How do I know that the earned leaves have been credited to my account?,leave_date,1
49,When can I expect my earned leaves to be credited to my account?,leave_date,1
50,Is there a specific date when the earned leaves are added to my leave balance?,leave_date,1
51,How often are the earned leaves credited to my account?,leave_date,1
52,Can you tell me the date when my leave balance gets updated with earned leaves?,leave_date,1
53,At what frequency are the earned leaves credited to my leave balance?,leave_date,1
54,When should I expect my earned leaves to be added to my account?,leave_date,1
74,Is there a limit to the number of earned leaves that can be credited at one time?,leave_date,1
57,When will I see my earned leaves reflected in my leave balance?,leave_date,1
58,When can I start using my earned leaves after they are credited?,leave_date,1
59,How can I check if my earned leaves have been credited to my leave balance?,leave_date,1
60,Is there a delay between earning leaves and their crediting to my account?,leave_date,1
55,How long does it take for earned leaves to reflect in my leave balance?,leave_date,1
62,On which date should I expect my earned leaves to be credited to my account?,leave_date,1
61,When will I know that my earned leaves have been added to my leave balance?,leave_date,1
71,When will I receive notification of my earned leaves being credited to my account?,leave_date,1
70,Is there a specific day of the month when the earned leaves are credited?,leave_date,1
69,On what basis are the earned leaves credited to my leave balance?,leave_date,1
68,How can I confirm that my earned leaves have been credited to my account?,leave_date,1
72,Can I request a confirmation of earned leaves credited to my account?,leave_date,1
66,When can I start planning my leave after earning the leaves?,leave_date,1
65,Is there a time limit for the crediting of earned leaves to my account?,leave_date,1
64,Can I request an early credit of my earned leaves to my leave balance?,leave_date,1
67,At what time of the day are the earned leaves credited to my account?,leave_date,1
141,Do earned leaves gradually accumulate in the leave balance over time?,leave_date_count,2
140,Is there a specific day of the month when earned leaves are credited to the leave balance?,leave_date_count,2
138,How does the system ensure the timely credit of earned leaves to the leave balance?,leave_date_count,2
137,Does the leave management system follow a specific timeline for the allocation of earned leaves to the leave balance?,leave_date_count,2
136,Is there a regular interval for adding earned leaves to the leave balance?,leave_date_count,2
134,How does the leave tracking system calculate the credit of earned leaves to the leave balance?,leave_date_count,2
133,When do earned leaves show up in the leave balance?,leave_date_count,2
132,Is there a specific time frame for earned leaves to be credited to the leave balance?,leave_date_count,2
131,When do earned leaves become part of the leave balance?,leave_date_count,2
130,Do earned leaves accumulate over time in the leave balance?,leave_date_count,2
142,What is the process for earned leaves to be added to the leave balance?,leave_date_count,2
135,Are earned leaves credited to the leave balance on a predetermined date?,leave_date_count,2
143,Is there a particular day or time when earned leaves are credited to the leave balance?,leave_date_count,2
139,Are earned leaves added to the leave balance at the beginning or end of the month?,leave_date_count,2
145,Are earned leaves credited to the leave balance on a monthly basis?,leave_date_count,2
146,Is there a fixed schedule for the addition of earned leaves to the leave balance?,leave_date_count,2
147,When do earned leaves become available in the leave balance?,leave_date_count,2
148,How does the leave management system determine the credit of earned leaves to the leave balance?,leave_date_count,2
149,Are earned leaves automatically added to the leave balance each month?,leave_date_count,2
150,Is there a specific date for the credit of earned leaves to the leave balance?,leave_date_count,2
151,Do earned leaves gradually accumulate in the leave balance over a period of time?,leave_date_count,2
152,What is the frequency of earned leaves being credited to the leave balance?,leave_date_count,2
153,Is there a specific timeframe for earned leaves to be added to the leave balance?,leave_date_count,2
154,When do earned leaves reflect in the leave balance?,leave_date_count,2
155,How does the leave tracking system calculate the addition of earned leaves to the leave balance?,leave_date_count,2
129,Is there a standard practice for crediting earned leaves to the leave balance?,leave_date_count,2
144,How does the leave tracking system handle the addition of earned leaves to the leave balance?,leave_date_count,2
128,Does the leave management system have a specific schedule for the addition of earned leaves to the leave balance?,leave_date_count,2
108,How does the system determine when to credit earned leaves to the leave balance?,leave_date_count,2
126,How does the leave tracking system determine the credit of earned leaves to the leave balance?,leave_date_count,2
99,When are earned leaves credited to the leave balance?,leave_date_count,2
100,What is the timing for crediting earned leaves to the leave balance?,leave_date_count,2
101,When can I expect my earned leaves to be credited to my leave balance?,leave_date_count,2
102,At what frequency are earned leaves added to the leave balance?,leave_date_count,2
103,Can you provide information about the process of crediting earned leaves to the leave balance?,leave_date_count,2
104,How often are earned leaves credited to the leave balance?,leave_date_count,2
105,When are earned leaves typically added to the leave balance?,leave_date_count,2
106,What is the usual time for earned leaves to be credited to the leave balance?,leave_date_count,2
107,Is there a specific date or time when earned leaves are credited to the leave balance?,leave_date_count,2
109,Is there a specific schedule for adding earned leaves to the leave balance?,leave_date_count,2
110,Are earned leaves credited to the leave balance on a monthly basis?,leave_date_count,2
111,Do earned leaves accumulate in the leave balance on a monthly basis?,leave_date_count,2
113,How frequently are earned leaves credited to the leave balance?,leave_date_count,2
112,Is there a monthly allocation of earned leaves to the leave balance?,leave_date_count,2
115,Is there a specific timeframe for crediting earned leaves to the leave balance?,leave_date_count,2
116,What is the procedure for adding earned leaves to the leave balance?,leave_date_count,2
127,Are earned leaves added to the leave balance at the end of each month?,leave_date_count,2
117,Do earned leaves accrue in the leave balance at regular intervals?,leave_date_count,2
118,When can I expect my earned leaves to reflect in the leave balance?,leave_date_count,2
119,Is there a set pattern for the addition of earned leaves to the leave balance?,leave_date_count,2
120,How does the leave management system handle the crediting of earned leaves to the leave balance?,leave_date_count,2
121,Are earned leaves automatically credited to the leave balance each month?,leave_date_count,2
122,Is there a fixed date for the credit of earned leaves to the leave balance?,leave_date_count,2
123,Do earned leaves accumulate gradually in the leave balance?,leave_date_count,2
124,What is the frequency of earned leaves being added to the leave balance?,leave_date_count,2
125,Is there a specific time period for the allocation of earned leaves to the leave balance?,leave_date_count,2
114,Do earned leaves get added to the leave balance on a regular basis?,leave_date_count,2
237,"If my grandparent dies, can I avail of bereavement leave?",leave_family,3
236,"In the event of my grandparent's death, am I entitled to bereavement leave?",leave_family,3
238,Is bereavement leave applicable for the passing of a grandparent?,leave_family,3
244,"If my grandparent dies, will I be granted bereavement leave?",leave_family,3
240,Can I take time off for the funeral of my grandparent?,leave_family,3
241,"If my grandparent passes away, can I take leave under the bereavement policy?",leave_family,3
242,Is bereavement leave allowed when a grandparent dies?,leave_family,3
243,"When my grandparent passes away, can I take bereavement leave?",leave_family,3
235,Can I take time off work to mourn the loss of my grandparent?,leave_family,3
245,Can I request bereavement leave due to the loss of my grandparent?,leave_family,3
239,Am I eligible for bereavement leave if my grandparent dies?,leave_family,3
234,"If my grandparent passes away, will I be given bereavement leave?",leave_family,3
222,May I be granted bereavement leave in the event of my grandparent's death?,leave_family,3
232,"When a grandparent passes away, can I be granted bereavement leave?",leave_family,3
231,"If my grandparent dies, can I request bereavement leave?",leave_family,3
230,Am I allowed to take bereavement leave in case of my grandparent's demise?,leave_family,3
229,Is bereavement leave provided for the loss of a grandparent?,leave_family,3
228,"If my grandparent passes away, is there a provision for bereavement leave?",leave_family,3
227,"In the unfortunate event of my grandparent's death, can I take bereavement leave?",leave_family,3
280,"If my grandparent dies, can I take time off work to attend the funeral proceedings?",leave_family,3
225,"If my grandparent passes away, will I be eligible for bereavement leave?",leave_family,3
224,Is bereavement leave offered to employees who have lost a grandparent?,leave_family,3
223,"When a grandparent passes away, can I take time off through bereavement leave?",leave_family,3
246,"When a grandparent passes away, am I eligible for bereavement leave?",leave_family,3
221,Does the company policy allow for bereavement leave when a grandparent dies?,leave_family,3
220,"If my grandparent has passed away, am I entitled to take bereavement leave?",leave_family,3
233,Is it possible for me to take bereavement leave for my grandparent's death?,leave_family,3
247,"If my grandparent dies, can I take time off work through bereavement leave?",leave_family,3
260,Can I take time off work to attend my grandparent's burial?,leave_family,3
249,Am I entitled to bereavement leave if my grandparent passes away?,leave_family,3
277,"If my grandparent dies, will I be eligible for bereavement leave to grieve?",leave_family,3
219,Is it possible to take bereavement leave due to the loss of a grandparent?,leave_family,3
276,"When a grandparent passes away, can I take leave for bereavement purposes?",leave_family,3
275,Is bereavement leave granted for the demise of my grandparent's life?,leave_family,3
274,"If my grandparent dies, can I avail of bereavement leave to cope with the loss?",leave_family,3
273,Can I take time off work to pay my respects to my grandparent?,leave_family,3
272,Am I entitled to bereavement leave if my grandparent passes on?,leave_family,3
271,Is bereavement leave applicable for the passing of my grandparent's life?,leave_family,3
270,"If my grandparent dies, can I take time off to honor their memory?",leave_family,3
269,"When my grandparent passes away, can I take leave through the bereavement policy?",leave_family,3
268,Is bereavement leave allowed for the loss of a grandparent's life?,leave_family,3
267,"If my grandparent dies, can I request bereavement leave?",leave_family,3
266,"In the event of my grandparent's demise, am I eligible for bereavement leave?",leave_family,3
248,Is bereavement leave provided for the passing of a grandparent?,leave_family,3
265,Can I take time off work to mourn the loss of my grandparent's life?,leave_family,3
263,"When my grandparent dies, can I take bereavement leave?",leave_family,3
262,Is bereavement leave provided when a grandparent passes away?,leave_family,3
261,"If my grandparent dies, can I be granted bereavement leave?",leave_family,3
259,Am I eligible for bereavement leave if my grandparent passes?,leave_family,3
258,Is bereavement leave offered for the death of a grandparent?,leave_family,3
257,"If my grandparent dies, can I take time off work to grieve?",leave_family,3
256,"When a grandparent passes away, am I allowed to take bereavement leave?",leave_family,3
255,Can I request bereavement leave in the event of my grandparent's passing?,leave_family,3
254,"If my grandparent dies, will I be eligible for bereavement leave?",leave_family,3
253,"When a grandparent passes away, can I take leave for bereavement?",leave_family,3
252,Is bereavement leave granted for the demise of a grandparent?,leave_family,3
251,"If my grandparent dies, can I avail bereavement leave?",leave_family,3
250,Can I take time off work to attend my grandparent's memorial service?,leave_family,3
264,"If my grandparent passes away, will I be entitled to bereavement leave?",leave_family,3
218,Can I request bereavement leave if my grandparent passes away?,leave_family,3
226,Can I take time off work to attend my grandparent's funeral?,leave_family,3
282,Am I eligible for bereavement leave if my grandparent passes away peacefully?,leave_family,3
278,Can I request bereavement leave in the unfortunate event of my grandparent's passing?,leave_family,3
281,Is bereavement leave offered for the death of my grandparent's life?,leave_family,3
292,"If my grandparent dies, can I take time off work to honor and remember their life?",leave_family,3
291,"When a grandparent passes away, can I take leave through the bereavement policy to mourn?",leave_family,3
290,Is bereavement leave granted for the passing of my grandparent's life peacefully?,leave_family,3
289,"If my grandparent dies, can I avail of bereavement leave for the grieving process?",leave_family,3
279,"When a grandparent passes away, am I allowed to take bereavement leave to mourn?",leave_family,3
287,"If my grandparent passes away, will I be entitled to bereavement leave to mourn?",leave_family,3
286,"When my grandparent dies, can I take bereavement leave to deal with the loss?",leave_family,3
285,Is bereavement leave provided when a grandparent passes away suddenly?,leave_family,3
283,Can I take time off work to remember and honor my grandparent's life?,leave_family,3
284,"If my grandparent dies, can I be granted bereavement leave to cope with the loss?",leave_family,3
288,Can I take time off work to attend the funeral service of my grandparent?,leave_family,3
474,Can I submit a late arrival partial day request form after I've already reviewed my schedule?,leave_late_arrival,4
473,Is it within the policy to apply for a late arrival partial day request after I've already completed some research?,leave_late_arrival,4
472,Can I still request for a late arrival partial day after I've already worked on a project?,leave_late_arrival,4
471,Is it possible to request a late arrival partial day after I've already assisted a client?,leave_late_arrival,4
470,Can I fill out a late arrival partial day request form after I've already attended a team meeting?,leave_late_arrival,4
469,"After entering the office, can I still apply for a late arrival partial day due to transportation issues?",leave_late_arrival,4
468,Is it acceptable to submit a late arrival partial day request once I've already participated in a conference call?,leave_late_arrival,4
467,Can I request for a late arrival partial day after I've already completed some administrative tasks?,leave_late_arrival,4
466,Is it permissible to request a late arrival partial day after I've already checked my emails?,leave_late_arrival,4
463,Is it possible to request a late arrival partial day after I've already received my daily assignments?,leave_late_arrival,4
464,"After entering the office premises, can I still apply for a late arrival partial day due to personal reasons?",leave_late_arrival,4
462,Can I submit a late arrival partial day request form after I've already attended a training session?,leave_late_arrival,4
461,Is it within the policy to apply for a late arrival partial day request after I've already made some progress on my projects?,leave_late_arrival,4
460,Can I request for a late arrival partial day after I've already interacted with my colleagues?,leave_late_arrival,4
459,"After entering the office, can I still request for a late arrival partial day due to unforeseen circumstances?",leave_late_arrival,4
458,Is it acceptable to submit a late arrival partial day request once I've already completed some work?,leave_late_arrival,4
457,Can I still apply for a late arrival partial day request after I've already started my morning tasks?,leave_late_arrival,4
456,Is it permissible to request a late arrival partial day after I've already attended a meeting?,leave_late_arrival,4
455,Can I fill out a late arrival partial day request form after I've already logged into my computer?,leave_late_arrival,4
454,"After entering the office premises, can I still submit a late arrival partial day request?",leave_late_arrival,4
465,Can I still fill out a late arrival partial day request after I've already started collaborating with my team?,leave_late_arrival,4
475,"After entering the office premises, can I still request for a late arrival partial day due to a personal appointment?",leave_late_arrival,4
478,"After entering the office, can I still fill out a late arrival partial day request form due to a family emergency?",leave_late_arrival,4
477,Is it permissible to apply for a late arrival partial day request once I've already attended a team lunch?,leave_late_arrival,4
501,Can I request for a late arrival partial day after I've already collaborated with an external partner?,leave_late_arrival,4
500,"After entering the office premises, can I still apply for a late arrival partial day due to a personal errand?",leave_late_arrival,4
499,Is it acceptable to request a late arrival partial day after I've already attended a department meeting?,leave_late_arrival,4
498,Can I fill out a late arrival partial day request form after I've already completed some marketing tasks?,leave_late_arrival,4
497,Can I still request for a late arrival partial day after I've already conducted an interview?,leave_late_arrival,4
496,Is it permissible to submit a late arrival partial day request once I've already attended a company training?,leave_late_arrival,4
495,Can I request for a late arrival partial day after I've already completed some financial analysis?,leave_late_arrival,4
494,"After entering the office, can I still apply for a late arrival partial day due to a delayed flight?",leave_late_arrival,4
493,Is it possible to request a late arrival partial day after I've already finished a client presentation?,leave_late_arrival,4
492,Can I still fill out a late arrival partial day request after I've already participated in a team discussion?,leave_late_arrival,4
476,Can I request for a late arrival partial day after I've already completed some documentation?,leave_late_arrival,4
491,"After entering the office premises, can I still request for a late arrival partial day due to a personal commitment?",leave_late_arrival,4
489,Is it within the policy to apply for a late arrival partial day request once I've already resolved an issue?,leave_late_arrival,4
488,Can I request for a late arrival partial day after I've already completed some coding tasks,leave_late_arrival,4
487,"After entering the office, can I still submit a late arrival partial day request due to a traffic jam?",leave_late_arrival,4
486,Can I still apply for a late arrival partial day request after I've already conducted a client meeting?,leave_late_arrival,4
485,Is it permissible to request a late arrival partial day after I've already participated in a brainstorming session?,leave_late_arrival,4
484,Can I fill out a late arrival partial day request form after I've already attended a team-building activity?,leave_late_arrival,4
483,"After entering the office premises, can I still request for a late arrival partial day due to a medical appointment?",leave_late_arrival,4
481,Can I request for a late arrival partial day after I've already collaborated with a cross-functional team?,leave_late_arrival,4
480,Is it acceptable to request a late arrival partial day after I've already provided feedback on a project?,leave_late_arrival,4
479,Can I still submit a late arrival partial day request after I've already finished a training module?,leave_late_arrival,4
490,Can I submit a late arrival partial day request form after I've already attended a company event?,leave_late_arrival,4
482,Is it possible to apply for a late arrival partial day request once I've already completed a milestone?,leave_late_arrival,4
453,Is it possible to apply for a late arrival partial day request once I've already settled into my workspace?,leave_late_arrival,4
452,Can I request for a late arrival partial day after I've already started my work?,leave_late_arrival,4
365,Can you list the various options for partial leave based on different needs?,leave_partial,5
364,Are there specific categories of partial leave that are suitable for certain scenarios?,leave_partial,5
362,What are the different types of partial leave that can be taken in different circumstances?,leave_partial,5
361,I'm interested in understanding the various categories of partial leave.,leave_partial,5
360,Can you provide me with a breakdown of the types of partial leave that exist?,leave_partial,5
359,Are there different options for partial leave depending on the specific situation?,leave_partial,5
358,Could you explain the various types of partial leave that are available?,leave_partial,5
357,What are the categories of partial leave that I can avail myself of?,leave_partial,5
356,I would like to know the different types of partial leave that are offered.,leave_partial,5
355,Can you list the available options for partial leave depending on the need?,leave_partial,5
367,What are the available categories of partial leave that I can choose from?,leave_partial,5
353,Could you please provide information on the different categories of partial leave?,leave_partial,5
352,What are the types of partial leave that I can consider in different situations?,leave_partial,5
351,Can you give me an overview of the various options for partial leave?,leave_partial,5
350,Are there different kinds of partial leave that can be taken?,leave_partial,5
349,I'm interested in knowing the types of partial leave that are available.,leave_partial,5
348,Can you outline the different categories of partial leave that are offered?,leave_partial,5
347,What are the options for taking partial leave in different scenarios?,leave_partial,5
346,Could you please explain the various types of partial leave that exist?,leave_partial,5
345,Are there specific options for partial leave depending on the circumstances?,leave_partial,5
344,I would like to know the categories of partial leave that I can choose from.,leave_partial,5
366,I would like to know the types of partial leave that are provided.,leave_partial,5
354,Are there specific types of partial leave that are appropriate for certain circumstances?,leave_partial,5
368,Could you provide information on the different types of partial leave that exist?,leave_partial,5
369,Are there different choices for partial leave depending on the circumstances?,leave_partial,5
391,I'm interested in understanding the various categories of partial leave.,leave_partial,5
390,Can you provide me with a breakdown of the types of partial leave that exist?,leave_partial,5
389,Are there different choices for partial leave depending on the specific circumstances?,leave_partial,5
388,Could you explain the different types of partial leave that are available?,leave_partial,5
387,What are the categories of partial leave that I can consider for my needs?,leave_partial,5
386,I would like to know the types of partial leave that are offered in different situations.,leave_partial,5
385,Can you list the available options for partial leave based on specific requirements?,leave_partial,5
384,Are there specific categories of partial leave appropriate for different scenarios?,leave_partial,5
383,Could you please provide an overview of the types of partial leave that are available?,leave_partial,5
382,What are the different types of partial leave that can be taken in various circumstances?,leave_partial,5
343,Can you provide me with a list of partial leaves available for different situations?,leave_partial,5
381,I'm interested in understanding the options for partial leave.,leave_partial,5
379,Are there different categories of partial leave depending on the situation?,leave_partial,5
378,Could you provide me with information on the different types of partial leave available?,leave_partial,5
377,What are the categories of partial leave that I can choose from?,leave_partial,5
376,I would like to know the various types of partial leave offered.,leave_partial,5
375,Can you list the options for partial leave based on different requirements?,leave_partial,5
374,Are there specific types of partial leave suitable for particular circumstances?,leave_partial,5
373,Could you please explain the different categories of partial leave?,leave_partial,5
372,What are the types of partial leave that can be considered for specific scenarios?,leave_partial,5
371,I'm interested in knowing the options for partial leave in different situations.,leave_partial,5
370,Can you give me an overview of the types of partial leave that are available?,leave_partial,5
380,Can you outline the types of partial leave that exist for different needs?,leave_partial,5
342,What are the different types of partial leave that can be taken?,leave_partial,5
363,Could you please outline the types of partial leave that are available?,leave_partial,5
392,How many days can I regularize in a month?,leave_reg,6
420,Can you inform me about the maximum count of regularizations in a month?,leave_reg,6
419,Is there a set number of times I can regularize within a month?,leave_reg,6
418,Could you clarify the limit on the number of regularizations per month?,leave_reg,6
417,What is the maximum frequency of regularizations allowed in a month?,leave_reg,6
416,How often can I request regularization in a single month?,leave_reg,6
415,Can you provide information on the monthly cap for regularizations?,leave_reg,6
414,What is the maximum number of times I can regularize in one month?,leave_reg,6
413,Is there a restriction on the frequency of regularization within a month?,leave_reg,6
412,Could you please tell me the monthly limit for regularizations?,leave_reg,6
411,What is the maximum number of times I can regularize within a month?,leave_reg,6
410,Is there a specific number of regularizations I can have per month?,leave_reg,6
409,How many times can I request regularization in a month?,leave_reg,6
421,What is the maximum number of regularizations I can have in a single month?,leave_reg,6
408,Can you clarify the maximum allowance for regularization within a month?,leave_reg,6
406,Is there a cap on the frequency of regularization allowed in a month?,leave_reg,6
405,Could you please inform me about the monthly restriction on the number of times I can regularize?,leave_reg,6
404,What is the maximum count of regularizations I can request in a single month?,leave_reg,6
403,Can you provide details on the maximum number of times I can regularize in a month?,leave_reg,6
402,Is there a set limit on the number of times I can regularize within a calendar month?,leave_reg,6
401,What is the maximum frequency of regularization I can have in a month?,leave_reg,6
400,Is there a specific number of times I can regularize in a monthly period?,leave_reg,6
399,Could you clarify the limit on the frequency of regularization within a month?,leave_reg,6
398,What is the maximum number of regularizations permitted in a month?,leave_reg,6
397,How many times am I allowed to regularize in a month?,leave_reg,6
396,Is there a restriction on the number of times I can regularize within a month?,leave_reg,6
395,Can you please provide information on the maximum frequency of regularization in a month?,leave_reg,6
407,What is the maximum limit for the number of regularizations in a single month?,leave_reg,6
422,Could you please explain the monthly limit for the number of times I can regularize?,leave_reg,6
423,Is there a cap on the number of regularizations in a month?,leave_reg,6
424,What is the maximum allowance for regularizations within a month?,leave_reg,6
451,What is the maximum frequency of regularizations permitted in a month?,leave_reg,6
450,How often can I request regularizations within a month?,leave_reg,6
449,Can you provide information on the monthly limit for the number of times I can regularize?,leave_reg,6
448,What is the maximum count of regularizations I can request in a month?,leave_reg,6
447,Is there a cap on the number of regularizations I can have in a month?,leave_reg,6
446,Could you please inform me about the monthly restriction on regularizations?,leave_reg,6
445,What is the maximum number of times I can request regularizations in a month?,leave_reg,6
444,Is there a specific limit on the frequency of regularizations per month?,leave_reg,6
443,How many times can I regularize in a single month?,leave_reg,6
442,Can you clarify the maximum number of regularizations within a month?,leave_reg,6
441,What is the maximum allowance for regularizations in a month?,leave_reg,6
440,Is there a cap on the number of times I can regularize in a month?,leave_reg,6
439,Could you please provide details on the monthly limit for regularizations?,leave_reg,6
438,What is the maximum number of regularizations allowed in a month?,leave_reg,6
437,Can you explain the maximum count of regularizations for a month?,leave_reg,6
436,Is there a set maximum for the number of times I can regularize in a month?,leave_reg,6
435,Could you clarify the limit on the number of regularizations within a month?,leave_reg,6
434,What is the maximum frequency of regularizations in a month?,leave_reg,6
433,How often can I regularize in one month?,leave_reg,6
432,Can you inform me about the monthly limit on the number of regularizations?,leave_reg,6
431,What is the maximum count of regularizations permitted in a single month?,leave_reg,6
430,Is there a cap on the frequency of regularizations within a month?,leave_reg,6
429,Could you please provide information on the monthly restriction for regularizations?,leave_reg,6
428,What is the maximum number of times I can request regularization in a month?,leave_reg,6
427,Is there a specific limit on the number of regularizations per month?,leave_reg,6
426,How many times can I regularize in a calendar month?,leave_reg,6
425,Can you clarify the maximum number of times I can regularize in a month?,leave_reg,6
394,What is the monthly cap on the number of times I can regularize?,leave_reg,6
393,Is there a maximum limit on the number of times I can regularize in a single month?,leave_reg,6
166,Could you explain the various types of leaves that employees can take advantage of?,leave_type,7
216,"What are the various leave categories that exist, and how do they differ from each other?",leave_type,7
185,Can you describe the various leave options that are available to employees?,leave_type,7
184,What are the different types of leaves that I can take advantage of?,leave_type,7
183,Could you give me a breakdown of the various leave categories that exist?,leave_type,7
182,What are the different kinds of leaves that I can avail as an employee?,leave_type,7
181,I'm looking for information on the types of leaves that I can take. Can you tell me more?,leave_type,7
180,"What are the various types of leaves that employees can take, and what are their purposes?",leave_type,7
179,I'm not sure what kinds of leaves I'm eligible for. Could you provide some information,leave_type,7
178,Can you explain the different categories of leaves that employees can avail?,leave_type,7
177,"What are the different leave options that I have as an employee, and how do they work?",leave_type,7
176,Could you provide a list of the different types of leaves that are typically offered to employees?,leave_type,7
175,What are the various leave categories that employees can choose to take?,leave_type,7
174,I'm interested in learning about the different kinds of leaves that exist. Could you help me?,leave_type,7
173,Can you describe the various leave options that are available to employees?,leave_type,7
172,What are the different types of leaves that I can take advantage of?,leave_type,7
171,Could you give me a breakdown of the various leave categories that exist?,leave_type,7
170,What are the different kinds of leaves that I can avail as an employee?,leave_type,7
169,I'm looking for information on the types of leaves that I can take. Can you tell me more?,leave_type,7
168,Can you provide an overview of the different types of leaves that are available to employees?,leave_type,7
157,Can you provide a list of the various leave categories that exist?,leave_type,7
158,I'm curious about the different kinds of leaves that I can avail. Could you tell me more?,leave_type,7
159,"Are there different leave options available to employees? If so, what are they?",leave_type,7
160,Can you explain the different types of leaves that employees are eligible for?,leave_type,7
161,I'm not familiar with the different types of leaves that I can take. Could you provide some information?,leave_type,7
162,What are the various leave categories that employees can choose from?,leave_type,7
163,Could you outline the different types of leaves that are typically offered to employees?,leave_type,7
164,I'm interested in learning about the different kinds of leaves that are available to me. Can you help?,leave_type,7
165,What are the different leave options that I have as an employee?,leave_type,7
186,I'm interested in learning about the different kinds of leaves that exist. Could you help me,leave_type,7
167,What are the leave categories that employees can choose from?,leave_type,7
187,What are the various leave categories that employees can choose to take?,leave_type,7
156,What are the different types of leaves that employees can take?,leave_type,7
215,I'm curious about the different kinds of leaves that I can take. Could you provide some details on each one?,leave_type,7
214,"Can you explain the various types of leaves that employees can avail, and how they are tracked in the leave management system?",leave_type,7
213,"What are the different leave options that I have, and how do they affect my employment status?",leave_type,7
212,"Could you provide a list of the different types of leaves that are typically offered to employees, and how long they last?",leave_type,7
211,"What are the different leave categories that employees can choose from, and how do they impact my work schedule?",leave_type,7
210,I'm not sure what kinds of leaves I can take. Could you provide some information on the options available to me?,leave_type,7
209,"Can you describe the various types of leaves that employees can take, and how they are calculated?",leave_type,7
208,"What are the different kinds of leaves that are available to employees, and how do they affect my pay?",leave_type,7
207,"Could you explain the various leave categories that exist, and how they are approved?",leave_type,7
206,"What are the different types of leaves that I can take advantage of, and how do they impact my leave balance?",leave_type,7
205,I'm interested in learning about the different kinds of leaves that employees can take. Could you tell me more?,leave_type,7
204,"Can you provide an overview of the different types of leaves that are typically offered to employees, and how they are credited?",leave_type,7
203,"What are the various leave categories that exist, and how are they managed?",leave_type,7
202,"Could you outline the various types of leaves that employees can take, and what the requirements are for each?",leave_type,7
201,"What are the different leave options that are available to employees, and how do they work together?",leave_type,7
200,I'm not familiar with the different types of leaves that I can take. Could you provide some details?,leave_type,7
199,"Can you explain the different kinds of leaves that employees can choose to take, and how they are tracked?",leave_type,7
198,"Could you give me a breakdown of the different types of leaves that I can avail, and how many I can take?",leave_type,7
197,"What are the various leave categories that are available to employees, and how do they work?",leave_type,7
196,I'm curious about the different types of leaves that I can take as an employee. Could you provide some information?,leave_type,7
195,"Can you describe the different types of leaves that employees can take, and how they are credited?",leave_type,7
194,"What are the different leave categories that employees can choose from, and how do they differ?",leave_type,7
193,Could you provide an overview of the different types of leaves that employees can avail?,leave_type,7
192,"What are the various types of leaves that employees can take, and what are their purposes?",leave_type,7
191,I'm not sure what kinds of leaves I'm eligible for. Could you provide some information?,leave_type,7
190,Can you explain the different categories of leaves that employees can avail?,leave_type,7
189,"What are the different leave options that I have as an employee, and how do they work?",leave_type,7
188,Could you provide a list of the different types of leaves that are typically offered to employees?,leave_type,7
217,"Could you give me a breakdown of the different types of leaves that employees can take, and what the process is for requesting them?",leave_type,7
0,When will my earned leaves be credited to my leave balance?,leave_year_count,8
11,What is the frequency of updating and crediting earned leaves to the leave balance?,leave_year_count,8
23,Are earned leaves credited immediately to the leave balance upon eligibility?,leave_year_count,8
22,When can I start utilizing my earned leaves after they have been credited to the leave balance?,leave_year_count,8
21,Is there a waiting period before earned leaves are added to the leave balance?,leave_year_count,8
20,Are there any specific conditions or requirements for earned leaves to be credited to the leave balance?,leave_year_count,8
19,Can you provide details on the timing of earned leaves being credited to the leave balance?,leave_year_count,8
18,When do earned leaves become available in the leave balance?,leave_year_count,8
17,Is there a set time frame for earned leaves to be credited to the leave balance?,leave_year_count,8
16,How often are earned leaves added to the leave balance?,leave_year_count,8
15,Is there a specific day of the month when earned leaves are credited to the leave balance?,leave_year_count,8
14,When exactly do earned leaves get added to the leave balance?,leave_year_count,8
13,Are earned leaves credited to the leave balance on a monthly basis?,leave_year_count,8
12,Do earned leaves get credited to the leave balance at the beginning or end of the month?,leave_year_count,8
10,When does the system update and credit earned leaves to the leave balance?,leave_year_count,8
9,Is there a fixed date for earned leaves to be credited to the leave balance?,leave_year_count,8
8,Can you provide information on the process of crediting earned leaves to the leave balance?,leave_year_count,8
7,What is the schedule for adding earned leaves to the leave balance?,leave_year_count,8
6,When should I expect my earned leaves to be updated in my leave balance?,leave_year_count,8
5,Is there a specific date or time frame for the crediting of earned leaves?,leave_year_count,8
4,How long does it take for earned leaves to be reflected in the leave balance?,leave_year_count,8
24,What is the duration between earning earned leaves and their crediting to the leave balance?,leave_year_count,8
3,At what point are earned leaves credited to the leave balance?,leave_year_count,8
25,Is there a specific time frame for earned leaves to be processed and added to the leave balance?,leave_year_count,8
47,When can I start enjoying my earned leaves after they have been credited to the leave balance?,leave_year_count,8
28,When can I start applying for earned leaves once they are credited to the leave balance?,leave_year_count,8
29,How soon can I take advantage of my earned leaves after they have been credited to the leave balance?,leave_year_count,8
30,Is there a specific period when earned leaves are credited to the leave balance?,leave_year_count,8
31,Are earned leaves credited to the leave balance on a quarterly basis?,leave_year_count,8
32,When can I check my leave balance to see if my earned leaves have been credited?,leave_year_count,8
33,Is there a specific time of the year when earned leaves are credited to the leave balance?,leave_year_count,8
34,Are earned leaves credited to the leave balance on a weekly basis?,leave_year_count,8
35,Is there a standard procedure for crediting earned leaves to the leave balance?,leave_year_count,8
36,When can I start planning my time off after my earned leaves have been credited to the leave balance?,leave_year_count,8
37,Are there any exceptions or variations in the timing of earned leaves being credited to the leave balance?,leave_year_count,8
38,Is there a specific time of the day when earned leaves are credited to the leave balance?,leave_year_count,8
39,What is the process for verifying that earned leaves have been successfully credited to the leave balance?,leave_year_count,8
40,Are earned leaves credited to the leave balance at the beginning or end of the week?,leave_year_count,8
41,When can I expect my earned leaves to be available for use from the leave balance?,leave_year_count,8
42,Is there a specific time frame for earned leaves to be approved and added to the leave balance?,leave_year_count,8
43,Do earned leaves get credited to the leave balance on a daily basis?,leave_year_count,8
44,When can I start planning my vacations once my earned leaves are credited to the leave balance?,leave_year_count,8
45,Is there a specific month when earned leaves are credited to the leave balance?,leave_year_count,8
46,Are earned leaves credited to the leave balance on a yearly basis?,leave_year_count,8
48,Is there a specific time frame for earned leaves to be processed and reflected in the leave balance?,leave_year_count,8
27,Is there a delay in crediting earned leaves to the leave balance during certain periods or seasons?,leave_year_count,8
26,Do I need to submit any documents or forms for earned leaves to be credited to the leave balance?,leave_year_count,8
1,What is the timeline for earning and crediting leaves to my balance?,leave_year_count,8
2,When can I expect my earned leaves to be added to my leave balance?,leave_year_count,8
680,What are the correct procedures for claiming expenses?,pay_exp,9
652,Could you guide me on how to submit an expense claim?,pay_exp,9
651,What is the procedure for claiming expenses?,pay_exp,9
683,What are the necessary actions I need to take when claiming expenses?,pay_exp,9
684,How can I formally submit my expense claim?,pay_exp,9
685,Can you explain the detailed process of claiming expenses?,pay_exp,9
686,What is the recommended method for submitting an expense claim?,pay_exp,9
687,Could you explain the specific actions to take when claiming expenses?,pay_exp,9
688,Can you provide a comprehensive guide on how to claim expenses?,pay_exp,9
689,How can I ensure a successful and efficient expense claim submission?,pay_exp,9
681,Can you provide a step-by-step breakdown of the process to submit an expense claim?,pay_exp,9
691,What is the formal procedure for submitting an expense claim?,pay_exp,9
692,Could you provide a step-by-step explanation of how to claim expenses?,pay_exp,9
693,I'm unsure about the proper process to claim expenses. Can you clarify it for me?,pay_exp,9
694,What are the necessary steps I need to follow to claim expenses correctly?,pay_exp,9
695,How does one officially submit an expense claim?,pay_exp,9
696,Can you explain the detailed process of claiming expenses in depth?,pay_exp,9
697,What is the recommended approach for submitting an expense claim?,pay_exp,9
698,Could you explain the specific steps to take for claiming expenses?,pay_exp,9
699,Can you provide a thorough guide on how to claim expenses?,pay_exp,9
700,How can I ensure a smooth and successful expense claim process?,pay_exp,9
653,I'm interested in knowing how to claim expenses. Can you explain the process?,pay_exp,9
654,Can you provide step-by-step instructions on how to claim expenses?,pay_exp,9
690,Can you guide me on how to accurately claim expenses?,pay_exp,9
656,Can you explain the exact steps to follow when claiming expenses?,pay_exp,9
655,How can I formally submit an expense claim?,pay_exp,9
678,Could you provide a clear explanation of the exact steps to claim expenses?,pay_exp,9
677,What is the appropriate process for submitting an expense claim?,pay_exp,9
676,Can you guide me on how to claim expenses properly?,pay_exp,9
675,How can I ensure a smooth and efficient expense claim process?,pay_exp,9
674,Can you provide a comprehensive explanation of how to claim expenses?,pay_exp,9
673,Could you explain the specific steps to follow when claiming expenses?,pay_exp,9
672,What is the recommended way to submit an expense claim?,pay_exp,9
671,Can you explain the process of claiming expenses in detail?,pay_exp,9
670,How does one officially claim expenses?,pay_exp,9
669,What are the necessary steps I need to follow in order to claim expenses?,pay_exp,9
668,I'm unsure about how to claim expenses. Can you clarify it for me?,pay_exp,9
679,I would appreciate it if you could provide a detailed explanation of how to claim expenses.,pay_exp,9
667,Could you provide a step-by-step guide on how to claim expenses?,pay_exp,9
657,What is the recommended process for submitting an expense claim?,pay_exp,9
658,Can you provide a clear explanation of how to claim expenses?,pay_exp,9
659,How do I properly go about claiming expenses?,pay_exp,9
660,Could you guide me on the steps to submit an expense claim?,pay_exp,9
661,I would appreciate it if you could explain the process for claiming expenses.,pay_exp,9
666,What is the formal way to submit an expense claim?,pay_exp,9
663,Can you provide a detailed explanation of how to claim expenses?,pay_exp,9
664,How can I ensure a successful expense claim submission?,pay_exp,9
665,Can you guide me on how to claim expenses accurately?,pay_exp,9
682,I'm unsure about the process to claim expenses. Can you provide guidance?,pay_exp,9
662,What are the correct actions to take when submitting an expense claim?,pay_exp,9
624,Could you guide me on how to locate FBP properly?,pay_fbp,10
623,What is the precise place where FBP is located?,pay_fbp,10
622,Can you explain the exact location of FBP?,pay_fbp,10
621,How can I formally find FBP?,pay_fbp,10
620,I would appreciate it if you could tell me where to find FBP.,pay_fbp,10
619,Can you explain the specific place where FBP is located?,pay_fbp,10
618,What is the recommended way to find FBP?,pay_fbp,10
617,I'm unsure about the whereabouts of FBP. Can you shed some light on it?,pay_fbp,10
616,Can you guide me on how to locate FBP?,pay_fbp,10
615,Could you provide a clear explanation of where to find FBP?,pay_fbp,10
614,What is the proper way to find FBP?,pay_fbp,10
612,I'm interested in learning more about how to locate FBP. Can you provide some guidance?,pay_fbp,10
611,Could you enlighten me on the whereabouts of FBP? Where can I find it?,pay_fbp,10
610,What is the correct way to find FBP?,pay_fbp,10
609,Can you tell me the precise location of FBP?,pay_fbp,10
627,What are the correct instructions to follow when trying to find FBP?,pay_fbp,10
607,I would like to know the exact spot where FBP is located. Can you assist me with that?,pay_fbp,10
606,How can I go about finding FBP?,pay_fbp,10
605,Can you provide me with the specific location of FBP?,pay_fbp,10
604,I'm curious about the whereabouts of FBP. Can you tell me where to find it?,pay_fbp,10
603,Could you please guide me on where to locate FBP?,pay_fbp,10
602,What is the exact place to find FBP?,pay_fbp,10
613,Can you clarify the exact location of FBP?,pay_fbp,10
608,Is there a specific place where I can find FBP?,pay_fbp,10
641,Can you explain the step-by-step process of finding FBP?,pay_fbp,10
629,Can you guide me on how to find FBP correctly?,pay_fbp,10
628,Could you provide a clear explanation of the specific location of FBP?,pay_fbp,10
650,How does one officially find FBP?,pay_fbp,10
649,What are the necessary steps I need to follow in order to locate FBP?,pay_fbp,10
648,I'm unsure about where to find FBP. Can you clarify it for me?,pay_fbp,10
647,Could you provide a step-by-step guide on how to find FBP?,pay_fbp,10
646,What is the formal way to locate FBP?,pay_fbp,10
645,Can you guide me on how to find FBP accurately?,pay_fbp,10
644,Could you provide a clear explanation of the exact location of FBP?,pay_fbp,10
643,What are the correct actions to take when trying to find FBP?,pay_fbp,10
642,I'm curious about the specific location of FBP. Can you provide that information?,pay_fbp,10
625,Can you provide directions on where to find FBP?,pay_fbp,10
626,I'm interested in knowing the exact location of FBP. Can you provide that information?,pay_fbp,10
639,I need assistance in knowing how to find FBP. Can you help me with that?,pay_fbp,10
638,Can you tell me the exact place or address where FBP is located?,pay_fbp,10
637,Could you explain the process of locating FBP in detail?,pay_fbp,10
636,What are the necessary steps I need to take in order to find FBP?,pay_fbp,10
635,I'm unsure about where FBP is located. Can you clarify it for me?,pay_fbp,10
634,Can you provide the exact coordinates or address of FBP?,pay_fbp,10
633,How can I go about locating FBP?,pay_fbp,10
632,I would appreciate it if you could provide directions on finding FBP.,pay_fbp,10
631,Can you explain the specific spot where FBP is located?,pay_fbp,10
630,What is the recommended place to find FBP?,pay_fbp,10
640,What is the recommended process for locating FBP?,pay_fbp,10
717,I'm unsure about the email alias for POSH. Can you clarify it for me?,posh,11
718,Could you explain how to find the email alias for POSH?,posh,11
719,I need to know the email alias associated with POSH. Can you provide that information?,posh,11
720,What is the designated email alias for the POSH module?,posh,11
724,What is the email alias that is associated with the POSH module?,posh,11
722,I would like to know the email alias associated with POSH. Can you provide that information?,posh,11
723,Can you provide the specific email alias that is used for POSH?,posh,11
716,Can you provide the specific email alias that corresponds to POSH?,posh,11
725,I need to know the email alias used for POSH. Can you provide that information?,posh,11
721,What is the email alias that corresponds to the POSH module?,posh,11
715,What is the designated email alias used for the POSH module?,posh,11
709,I need to know the email alias for POSH. Can you assist me?,posh,11
713,Could you guide me on how to find the email alias for POSH?,posh,11
712,What is the email alias that is used for the POSH module?,posh,11
711,I'm interested in finding out the email alias associated with POSH. Can you provide it?,posh,11
710,Can you provide the specific email alias used for POSH?,posh,11
708,Could you provide the email alias associated with the POSH module?,posh,11
707,What is the email alias that corresponds to POSH?,posh,11
706,Can you tell me the specific email alias used for POSH?,posh,11
705,How can I obtain the email alias for POSH?,posh,11
704,What is the designated email alias for POSH?,posh,11
702,Can you provide the email alias associated with POSH?,posh,11
701,What is the email alias used for POSH?,posh,11
714,I would like to know the email alias associated with POSH. Can you help me with that?,posh,11
703,I'm looking for the alias email for POSH. Can you help me find it?,posh,11
727,Could you guide me on how to obtain the email alias for POSH?,posh,11
726,I'm looking for the email alias for POSH. Can you assist me in finding it?,posh,11
315,Can you guide me on how to request for working remotely? I would appreciate your assistance.,wfh,12
314,I am interested in applying for work from home. Could you please explain the process to me?,wfh,12
313,Can you please provide me with information on how to request remote work? I am considering this option.,wfh,12
312,What is the process for requesting work from home? I would like to know how to proceed.,wfh,12
311,How can I apply for working from home? I would like to explore this possibility.,wfh,12
310,What steps do I need to take in order to apply for remote work? I would appreciate your advice.,wfh,12
309,I am interested in working remotely. Could you please guide me on how to make a formal request,wfh,12
308,Can you please explain the steps involved in applying for work from home? I am interested in pursuing this option.,wfh,12
307,How can I submit a formal request to work from home? I would like to understand the process.,wfh,12
316,What is the procedure for applying for remote work? I would like to pursue this opportunity,wfh,12
306,I would like to know how to apply for remote work. Can you please provide the necessary information?,wfh,12
304,Can you guide me on how to request for remote work? I am interested in exploring this opportunity.,wfh,12
303,I am considering applying for work from home. Could you please outline the process for me?,wfh,12
302,How do I go about submitting a request to work from home? Any insights would be helpful.,wfh,12
301,What are the necessary steps to apply for working from home? I would be grateful for your guidance.,wfh,12
300,Can you please provide me with information on how to request work from home? I am eager to apply.,wfh,12
299,I would like to request to work from home. Can you please assist me with the application process?,wfh,12
298,Could you please advise me on how to apply for remote work? I am interested in exploring this option.,wfh,12
297,What is the process for requesting to work remotely? I would appreciate any information you can provide.,wfh,12
296,How can I apply for work from home? I would love to know the procedure and any requirements.,wfh,12
305,What is the procedure for applying for work from home? Your assistance would be highly appreciated.,wfh,12
317,I would like to know how to apply for work from home. Could you please provide the necessary details?,wfh,12
293,Can you please provide guidance on applying for work from home? I would like to know the process involved.,wfh,12
319,Can you please explain the steps involved in applying for working from home? I would appreciate your guidance.,wfh,12
340,I would like to know how to apply for work from home. Can you please provide the necessary information?,wfh,12
339,What is the procedure for applying for remote work? I would like to pursue this opportunity.,wfh,12
338,Can you guide me on how to request for working remotely? I would appreciate your guidance.,wfh,12
337,I am interested in applying for work from home. Could you please explain the steps to me?,wfh,12
336,Can you please provide me with information on how to request remote work? I am considering this option.,wfh,12
335,What is the process for requesting work from home? I would like to understand how to proceed.,wfh,12
334,How can I apply for working from home? I would like to know the process involved.,wfh,12
333,What steps do I need to take in order to apply for remote work? I would appreciate your assistance.,wfh,12
332,I am interested in working remotely. Could you please advise me on how to make a formal request?,wfh,12
331,Can you please explain the process for applying for work from home? I am interested in exploring this possibility.,wfh,12
330,How can I submit a formal request to work remotely? I would like to understand the necessary steps.,wfh,12
329,I would like to know how to apply for work from home. Can you please guide me through the process?,wfh,12
328,Can you please provide me with information on how to request work from home? I am interested in pursuing this option.,wfh,12
327,What is the procedure for requesting remote work? I would appreciate your guidance.,wfh,12
326,How can I apply for working from home? I would like to explore this opportunity.,wfh,12
325,I am interested in working remotely. Could you please outline the steps for me?,wfh,12
324,Can you please provide me with information on how to apply for remote work? I am considering this option.,wfh,12
323,What is the process for requesting to work from home? I would like to understand the procedure.,wfh,12
322,How can I apply for remote work? I am interested in pursuing this possibility.,wfh,12
321,What steps do I need to take in order to request work from home? I would appreciate your advice.,wfh,12
320,I am considering applying for remote work. Could you please guide me on how to proceed?,wfh,12
295,I am interested in requesting to work from home. Could you please guide me on how to submit the request?,wfh,12
318,How can I submit a request to work remotely? I am interested in exploring this option.,wfh,12
341,Can you please explain the steps involved in applying for working from home? I would appreciate your guidance.,wfh,12
294,What steps do I need to follow in order to apply for working remotely? I would appreciate your guidance.,wfh,12
506,Can you explain the process of tracking attendance for employees working from home?,wfh_attendance,13
531,Can you explain the role of HR in monitoring attendance during remote work?,wfh_attendance,13
532,Are there any employee feedback mechanisms related to attendance tracking during WFH?,wfh_attendance,13
533,How do companies handle attendance tracking for employees with multiple remote work locations?,wfh_attendance,13
534,What are the considerations for tracking attendance for employees working in different countries during remote work?,wfh_attendance,13
535,Can you provide examples of attendance tracking policies for remote employees?,wfh_attendance,13
536,How do companies handle attendance tracking for employees with flexible work arrangements during remote work?,wfh_attendance,13
537,Are there any tools or methods to track attendance without relying on employees' self-reporting?,wfh_attendance,13
538,How do companies address attendance tracking for employees with non-traditional work schedules during remote work?,wfh_attendance,13
539,What are the potential benefits of real-time attendance tracking for remote employees?,wfh_attendance,13
540,Can you explain the role of supervisors in monitoring attendance during remote work?,wfh_attendance,13
541,How do companies handle attendance tracking for employees with intermittent availability during remote work?,wfh_attendance,13
542,Are there any compliance requirements related to attendance tracking during WFH?,wfh_attendance,13
543,How do companies ensure data security and confidentiality in attendance tracking for remote workers?,wfh_attendance,13
544,What are the considerations for tracking attendance for employees working in different time zones during remote work?,wfh_attendance,13
545,Can you provide examples of attendance tracking methods that promote work-life balance during WFH?,wfh_attendance,13
546,How do companies handle attendance tracking for employees with overlapping work schedules during remote work?,wfh_attendance,13
547,What are the potential drawbacks of using automated attendance tracking systems for remote employees?,wfh_attendance,13
548,How do companies address attendance tracking for employees with part-time remote work arrangements?,wfh_attendance,13
549,Are there any employee recognition programs related to attendance tracking during WFH?,wfh_attendance,13
550,How do companies handle attendance tracking for employees with flexible break times during remote work?,wfh_attendance,13
551,Can you explain the role of IT departments in ensuring accurate attendance tracking during remote work?,wfh_attendance,13
530,How do companies address attendance tracking for employees with varying work hours during remote work?,wfh_attendance,13
505,Are there any challenges in tracking attendance during remote work?,wfh_attendance,13
529,What are the potential risks of manual attendance tracking for remote employees?,wfh_attendance,13
527,How do companies handle attendance tracking for employees on extended leave during remote work?,wfh_attendance,13
503,Is there a specific software or tool used to monitor attendance during WFH?,wfh_attendance,13
502,What are the different ways to track attendance for remote employees?,wfh_attendance,13
507,What measures can be taken to prevent attendance fraud during remote work?,wfh_attendance,13
508,Are there any legal considerations when tracking attendance for remote employees?,wfh_attendance,13
509,How do companies handle attendance tracking for employees in different time zones?,wfh_attendance,13
510,What role does technology play in monitoring attendance during remote work?,wfh_attendance,13
511,Are there any privacy concerns related to tracking attendance during WFH?,wfh_attendance,13
512,How do companies address attendance issues for remote workers?,wfh_attendance,13
513,Are there any best practices for tracking attendance during remote work?,wfh_attendance,13
514,Can you provide examples of attendance tracking software for remote employees?,wfh_attendance,13
528,Are there any employee engagement strategies related to attendance tracking during WFH?,wfh_attendance,13
515,How do companies ensure fairness and accuracy in attendance tracking for remote workers?,wfh_attendance,13
517,How do companies handle attendance tracking for employees with flexible work schedules?,wfh_attendance,13
518,Are there any tools or methods to track attendance without invading employees' privacy?,wfh_attendance,13
519,How do companies verify the authenticity of attendance records for remote employees?,wfh_attendance,13
520,What are the consequences of inaccurate attendance tracking during remote work?,wfh_attendance,13
521,How do companies handle attendance tracking for employees with intermittent internet connectivity?,wfh_attendance,13
522,Can you explain the role of managers in monitoring attendance during remote work?,wfh_attendance,13
523,Are there any industry-specific considerations for tracking attendance during WFH?,wfh_attendance,13
524,How do companies ensure accountability in attendance tracking for remote workers?,wfh_attendance,13
525,What are the common metrics used to evaluate attendance during remote work?,wfh_attendance,13
526,Can you provide examples of companies that have successfully implemented attendance tracking for remote employees?,wfh_attendance,13
516,What are the benefits of using automated attendance tracking systems for remote work?,wfh_attendance,13
504,How do companies ensure accurate attendance records for remote workers?,wfh_attendance,13
